Locations,ANL,From,PM,From,POP,From,GDP,From,TMP,From,ARF,From,REC,From,skyglow,From,ULI,STD,CLI,CNB
Paris,1735,"https://weather-and-climate.com/average-monthly-hours-Sunshine,Paris,France",21,https://air.plumelabs.com/,2240621,https://population-hub.com/,"73,000",https://en.wikipedia.org/wiki/Economy_of_Paris,（2，25）,https://chat.openai.com/chat,641,https://chat.openai.com/chat,2350,,18,https://chat.openai.com/chat,254.4774,1.90775,0.981442,1
Los Angeles,3246,https://www.currentresults.com/Weather/California/Places/los-angeles-weather-averages.php,12,https://air.plumelabs.com/,3884307,https://population-hub.com/,"86,532",https://en.wikipedia.org/wiki/List_of_U.S._metropolitan_areas_by_GDP_per_capita,（9，29）,https://chat.openai.com/chat,380,https://chat.openai.com/chat,5824,,17,https://chat.openai.com/chat,254.0847,2.833189,0.971065,1
London,1659,"https://weather-and-climate.com/average-monthly-hours-Sunshine,London,United-Kingdom",23,https://air.plumelabs.com/,8173900,https://population-hub.com/,"78,023",https://chat.openai.com/chat,（2，23）,https://chat.openai.com/chat,590,https://chat.openai.com/chat,3107,,18,https://cires.colorado.edu/Artificial-light,204.6766,58.47521,0.314927,1
Barcelona,2530,"https://weather-and-climate.com/average-monthly-hours-Sunshine,barcelona,Spain",26,https://air.plumelabs.com/,1593075,https://population-hub.com/,"38,957",https://chat.openai.com/chat,（1，25）,https://chat.openai.com/chat,640,https://chat.openai.com/chat,3150,https://ajuntament.barcelona.cat,18,light polution in barcelona night sky analysis,248.1617,12.15738,0.72726,1
Versailles(Paris),1690,https://meteofrance.com/,21,https://air.plumelabs.com/,85424,https://www.citypopulation.de/en/france/essonne/palaiseau/91425__montlhéry,"73,000",INSEE,（1，25）,https://chat.openai.com/chat,600,https://chat.openai.com/chat,2350,?le-de-France region,16,https://chat.openai.com/chat,199.934,55.72366,0.242114,1
Anaheim(LA),3277,https://www.meteofrance.com/,12,https://air.plumelabs.com/,345012,https://population-hub.com/,"65,714",https://datausa.io/profile/geo/anaheim-ca#economy,（6，32）,https://chat.openai.com/chat,340,https://chat.openai.com/chat,5782,,20.37,https://chat.openai.com/chat,250.7902,14.67079,0.890339,1
Stonecrest(Atlanta),2740,"https://weather-and-climate.com/average-monthly-hours-Sunshine,atlanta,United-States-of-America",9.7,https://www.epa.gov/,58602,https://worldpopulationreview.com/,"72,953",https://www.bea.gov/,（1，32）,https://chat.openai.com/chat,1300,https://chat.openai.com/chat,10776,,18,https://chat.openai.com/chat,227.9282,25.91986,0.127387,1
Ann Arbor(Detroit),2451,"https://weather-and-climate.com/average-monthly-hours-Sunshine,detroit-michigan-us,United-States-of-America",23,https://air.plumelabs.com/,126827,https://worldpopulationreview.com/,"55,499",https://www.opendatanetwork.com/entity/310M200US11460/Ann_Arbor_Metro_Area_MI/economy.gdp.per_capita_gdp?year=2017,（-8，28）,https://chat.openai.com/chat,914,https://chat.openai.com/chat,7537,,24,https://chat.openai.com/chat,180.1413,63.77655,0.197753,1
Millau,2845,"https://weather-and-climate.com/average-monthly-hours-Sunshine,aix-en-provence,France",11,https://chat.openai.com/chat,22064,https://simple.wikipedia.org/wiki/Millau,"24,200",https://chat.openai.com/chat,（1，29）,https://chat.openai.com/chat,880,https://chat.openai.com/chat,4200,France,14,https://chat.openai.com/chat,11.89242,38.22133,0.013929,2
Vicksburg,2668,http://www.vicksburg.climatemps.com/sunlight.php,9.3,https://www.epa.gov/,20889,https://population-hub.com/,34246,https://datausa.io/profile/geo/vicksburg-ms,（2，32）,https://chat.openai.com/chat,1420,https://chat.openai.com/chat,13317,Mississippi,12,https://chat.openai.com/chat,9.564914,31.21581,0.005486,2
Montalcino,2476,"https://weather-and-climate.com/average-monthly-hours-Sunshine,montalcino-tuscany-it,Italy",11.9,https://www.eea.europa.eu/data-and-maps,5646,https://www.citypopulation.de/,"28,000",https://chat.openai.com/chat,（1，32）,https://chat.openai.com/chat,790,https://chat.openai.com/chat,2700,,15,https://chat.openai.com/chat,30.8073,52.8039,0.00074,1
Grindelwald,1580,"https://weather-and-climate.com/average-monthly-hours-Sunshine,Interlaken,Switzerland",4.6,https://www.eea.europa.eu/data-and-maps,3774,https://www.citypopulation.de/,"90,000",https://chat.openai.com/chat,（-9，21）,https://chat.openai.com/chat,1480,https://chat.openai.com/chat,4400,Swiss,8,https://chat.openai.com/chat,5.920874,26.65705,0.005316,1
Yellowstone N.P.,2500,https://www.ncei.noaa.gov/,8.6,https://www.epa.gov/,47500,https://www.nps.gov/yell/getinvolved/explore-careers.htm,39342,https://datausa.io/profile/geo/west-yellowstone-mt,（-15，24）,https://chat.openai.com/chat,380,https://chat.openai.com/chat,5900,Estimate,4,estimate,8.401601,5.914977,0.000188,2
Berchtesgaden N.P.,1976,https://www.regions-of-france.com/regions/rhone_alpes/weather,9,https://air.plumelabs.com/,10000,estimate,"35,035",https://www.insee.fr/en/statistiques/serie/010751794,（-10，25）,https://chat.openai.com/chat,900,https://chat.openai.com/chat,3698,Estimate,4,estimate,17.99937,46.64388,0.021471,4
Grand Canyon N.P.,3870,"https://weather-and-climate.com/average-monthly-hours-Sunshine,gold-canyon-arizona-us,United-States-of-America",3,https://www.epa.gov/,20000,estimate,"49,000",https://chat.openai.com/chat,（-8，29）,https://chat.openai.com/chat,487,https://chat.openai.com/chat,1467,Estimate,4,estimate,0.15547,3.361492,0.00028,2
Serengeti N.P.,2452,"https://weather-and-climate.com/average-monthly-hours-Sunshine,Nairobi,Kenya",21,https://www.iqair.com/kenya,80000,estimate,2081,https://data.worldbank.org/indicator/NY.GDP.PCAP.CD?locations=KE,（12，32）,https://chat.openai.com/chat,28,https://chat.openai.com/chat,732,Estimate,4,estimate,2.672483,3.785121,0.000476,1
