,location,original score,level
0,Paris,0.9021760361916216,9
1,Los Angeles,0.9106041028124454,9
2,London,0.7502398662139675,7
3,Barcelona,0.7317220919853287,7
4,Versailles(Paris),0.5873733793161424,5
5,Anaheim(LA),0.7585392936269142,7
6,Stonecrest(Atlanta),0.5491303563346397,5
7,Ann Arbor(Detroit),0.5159645742464418,5
8,Millau,0.2491145607448933,2
9,Vicksburg,0.25277137482936457,2
10,Montalcino,0.2664800854974122,2
11,Grindelwald,0.4150192931700094,4
12,Yellowstone N.P.,0.2521495255954348,2
13,Berchtesgaden N.P.,0.14789743341039727,1
14,Grand Canyon N.P.,0.25024516333066393,2
15,Serengeti N.P.,0.20871195743537319,2
,location,original score,level
0,Paris,0.9021760361916216,9
1,Los Angeles,0.9106041028124454,9
2,London,0.7502398662139675,7
3,Barcelona,0.7317220919853287,7
4,Versailles(Paris),0.5873733793161424,5
5,Anaheim(LA),0.7585392936269142,7
6,Stonecrest(Atlanta),0.5491303563346397,5
7,Ann Arbor(Detroit),0.5159645742464418,5
8,Millau,0.2491145607448933,2
9,Vicksburg,0.25277137482936457,2
10,Montalcino,0.2664800854974122,2
11,Grindelwald,0.4150192931700094,4
12,Yellowstone N.P.,0.2521495255954348,2
13,Berchtesgaden N.P.,0.14789743341039727,1
14,Grand Canyon N.P.,0.25024516333066393,2
15,Serengeti N.P.,0.20871195743537319,2
